{"stats":{"minecraft:killed":{"minecraft:spider":1,"minecraft:skeleton":7,"minecraft:chicken":16,"minecraft:pig":5,"minecraft:zombie_villager":1,"minecraft:sheep":2,"minecraft:zombie":4,"minecraft:cow":6},"minecraft:mined":{"minecraft:jungle_leaves":2,"minecraft:grass_block":20,"minecraft:iron_ore":2,"minecraft:vine":2,"minecraft:stripped_oak_log":1,"minecraft:bamboo":7,"minecraft:stone":151,"minecraft:dandelion":1,"minecraft:crafting_table":3,"minecraft:torch":1,"minecraft:cobblestone":5,"minecraft:sugar_cane":2,"minecraft:oak_planks":23,"minecraft:birch_log":3,"minecraft:grass":44,"minecraft:coal_ore":17,"minecraft:oak_log":57,"minecraft:sand":1,"minecraft:dirt":42,"minecraft:oak_leaves":41,"minecraft:fern":3},"minecraft:broken":{"minecraft:stone_sword":1,"minecraft:golden_shovel":1,"minecraft:stone_pickaxe":2},"minecraft:custom":{"minecraft:mob_kills":43,"minecraft:interact_with_crafting_table":34,"minecraft:leave_game":5,"minecraft:time_since_death":32905,"minecraft:climb_one_cm":30683,"minecraft:sprint_one_cm":235304,"minecraft:walk_one_cm":719865,"minecraft:drop":67,"minecraft:play_time":254473,"minecraft:deaths":6,"minecraft:sneak_time":1317,"minecraft:walk_under_water_one_cm":16467,"minecraft:boat_one_cm":582656,"minecraft:jump":3554,"minecraft:walk_on_water_one_cm":34668,"minecraft:total_world_time":254473,"minecraft:interact_with_furnace":17,"minecraft:time_since_rest":32978,"minecraft:damage_taken":4142,"minecraft:damage_dealt":5252,"minecraft:swim_one_cm":56692,"minecraft:fly_one_cm":110430,"minecraft:player_kills":1,"minecraft:open_chest":4,"minecraft:crouch_one_cm":2692,"minecraft:fall_one_cm":43051},"minecraft:crafted":{"minecraft:wooden_sword":1,"minecraft:oak_door":3,"minecraft:oak_planks":178,"minecraft:stone_shovel":1,"minecraft:cooked_chicken":10,"minecraft:furnace":1,"minecraft:stone_pickaxe":3,"minecraft:chest":1,"minecraft:cooked_beef":7,"minecraft:crafting_table":6,"minecraft:wooden_pickaxe":1,"minecraft:campfire":1,"minecraft:stone_axe":1,"minecraft:oak_boat":5,"minecraft:stick":49,"minecraft:wooden_axe":1,"minecraft:stone_sword":1,"minecraft:torch":12},"minecraft:used":{"minecraft:stone_sword":144,"minecraft:flint_and_steel":29,"minecraft:stone_shovel":15,"minecraft:chest":1,"minecraft:iron_sword":36,"minecraft:cooked_chicken":7,"minecraft:oak_door":4,"minecraft:torch":12,"minecraft:dirt":94,"minecraft:mutton":5,"minecraft:golden_shovel":17,"minecraft:wooden_axe":38,"minecraft:bamboo":9,"minecraft:beef":9,"minecraft:furnace":2,"minecraft:cooked_beef":11,"minecraft:stone_pickaxe":229,"minecraft:oak_planks":47,"minecraft:wooden_pickaxe":32,"minecraft:white_wool":1,"minecraft:sand":1,"minecraft:crafting_table":7,"minecraft:campfire":1,"minecraft:oak_log":1,"minecraft:apple":2,"minecraft:chicken":6,"minecraft:melon_slice":8,"minecraft:stone_axe":98,"minecraft:cobblestone":67,"minecraft:cooked_porkchop":1,"minecraft:porkchop":3,"minecraft:oak_boat":2,"minecraft:dandelion":1},"minecraft:killed_by":{"minecraft:creeper":1,"minecraft:spider":1,"minecraft:skeleton":3},"minecraft:picked_up":{"minecraft:wooden_axe":3,"minecraft:iron_chestplate":3,"minecraft:crafting_table":6,"minecraft:chicken":17,"minecraft:wooden_pickaxe":1,"minecraft:golden_shovel":1,"minecraft:shield":1,"minecraft:string":94,"minecraft:wooden_sword":4,"minecraft:flint_and_steel":2,"minecraft:iron_leggings":2,"minecraft:beef":14,"minecraft:oak_boat":1,"minecraft:melon_slice":8,"minecraft:sugar_cane":7,"minecraft:birch_sapling":1,"minecraft:furnace":3,"minecraft:raw_iron":4,"minecraft:stick":27,"minecraft:oak_door":1,"minecraft:torch":15,"minecraft:porkchop":9,"minecraft:redstone":50,"minecraft:stone_sword":13,"minecraft:arrow":20,"minecraft:rotten_flesh":13,"minecraft:stone_shovel":3,"minecraft:mutton":6,"minecraft:white_wool":4,"minecraft:cobblestone":259,"minecraft:stripped_oak_log":1,"minecraft:birch_log":4,"minecraft:feather":28,"minecraft:cooked_beef":19,"minecraft:water_bucket":3,"minecraft:jungle_log":10,"minecraft:leather":11,"minecraft:oak_log":62,"minecraft:dirt":139,"minecraft:bone":23,"minecraft:apple":2,"minecraft:wheat_seeds":19,"minecraft:raw_gold":18,"minecraft:iron_ingot":25,"minecraft:stone_pickaxe":6,"minecraft:cooked_chicken":11,"minecraft:bamboo":53,"minecraft:oak_planks":168,"minecraft:iron_sword":1,"minecraft:cooked_porkchop":1,"minecraft:dandelion":2,"minecraft:jungle_planks":4,"minecraft:sand":1,"minecraft:white_bed":1,"minecraft:diamond":13,"minecraft:stone_axe":6,"minecraft:iron_helmet":2,"minecraft:oak_sapling":16,"minecraft:coal":30},"minecraft:dropped":{"minecraft:water_bucket":2,"minecraft:iron_ingot":10,"minecraft:porkchop":2,"minecraft:wheat_seeds":2,"minecraft:cooked_beef":2,"minecraft:oak_log":9,"minecraft:diamond":6,"minecraft:crafting_table":1,"minecraft:iron_helmet":1,"minecraft:cobblestone":18,"minecraft:stick":5,"minecraft:dirt":1,"minecraft:torch":3,"minecraft:mutton":1,"minecraft:iron_leggings":1,"minecraft:wooden_sword":3,"minecraft:string":47,"minecraft:redstone":25,"minecraft:stone_axe":1,"minecraft:cooked_chicken":3,"minecraft:stone_sword":7,"minecraft:birch_sapling":1,"minecraft:stone_shovel":1,"minecraft:rotten_flesh":14,"minecraft:oak_planks":12,"minecraft:jungle_log":4,"minecraft:oak_boat":2,"minecraft:oak_sapling":5,"minecraft:bamboo":1,"minecraft:beef":2,"minecraft:stone_pickaxe":2,"minecraft:raw_gold":9}},"DataVersion":3465}