{"stats":{"minecraft:mined":{"minecraft:oak_log":21,"minecraft:jungle_leaves":2,"minecraft:birch_leaves":3,"minecraft:oak_leaves":3,"minecraft:crafting_table":1},"minecraft:custom":{"minecraft:time_since_rest":23828,"minecraft:sprint_one_cm":16796,"minecraft:play_time":23828,"minecraft:damage_taken":100,"minecraft:walk_one_cm":12494,"minecraft:sneak_time":12,"minecraft:walk_under_water_one_cm":535,"minecraft:jump":211,"minecraft:leave_game":2,"minecraft:walk_on_water_one_cm":1492,"minecraft:time_since_death":23828,"minecraft:climb_one_cm":1596,"minecraft:total_world_time":23828,"minecraft:swim_one_cm":2469,"minecraft:interact_with_crafting_table":1,"minecraft:fall_one_cm":6975,"minecraft:fly_one_cm":30638},"minecraft:used":{"minecraft:oak_log":6,"minecraft:wooden_axe":18,"minecraft:crafting_table":1},"minecraft:crafted":{"minecraft:oak_planks":24,"minecraft:crafting_table":1,"minecraft:stick":4,"minecraft:wooden_axe":1},"minecraft:picked_up":{"minecraft:crafting_table":1,"minecraft:oak_log":21}},"DataVersion":3465}