{"stats":{"minecraft:picked_up":{"minecraft:oak_log":12},"minecraft:custom":{"minecraft:jump":28,"minecraft:time_since_rest":4565,"minecraft:leave_game":1,"minecraft:play_time":4565,"minecraft:sprint_one_cm":3650,"minecraft:damage_taken":30,"minecraft:time_since_death":4565,"minecraft:walk_one_cm":5149,"minecraft:total_world_time":4565,"minecraft:climb_one_cm":497,"minecraft:interact_with_crafting_table":1,"minecraft:fall_one_cm":1314,"minecraft:fly_one_cm":3783},"minecraft:crafted":{"minecraft:crafting_table":1,"minecraft:oak_planks":24,"minecraft:stick":4,"minecraft:wooden_axe":1},"minecraft:used":{"minecraft:oak_log":6,"minecraft:crafting_table":1},"minecraft:mined":{"minecraft:oak_log":12}},"DataVersion":3465}