{"stats":{"minecraft:mined":{"minecraft:oak_log":21,"minecraft:birch_leaves":1,"minecraft:oak_leaves":1,"minecraft:crafting_table":1},"minecraft:custom":{"minecraft:time_since_rest":18760,"minecraft:sprint_one_cm":12745,"minecraft:play_time":18760,"minecraft:damage_taken":70,"minecraft:walk_one_cm":9970,"minecraft:sneak_time":12,"minecraft:walk_under_water_one_cm":77,"minecraft:jump":116,"minecraft:walk_on_water_one_cm":524,"minecraft:leave_game":2,"minecraft:time_since_death":18760,"minecraft:climb_one_cm":707,"minecraft:total_world_time":18760,"minecraft:swim_one_cm":362,"minecraft:fall_one_cm":5248,"minecraft:interact_with_crafting_table":1,"minecraft:fly_one_cm":18657},"minecraft:used":{"minecraft:oak_log":6,"minecraft:wooden_axe":12,"minecraft:crafting_table":1},"minecraft:crafted":{"minecraft:oak_planks":24,"minecraft:crafting_table":1,"minecraft:stick":4,"minecraft:wooden_axe":1},"minecraft:picked_up":{"minecraft:crafting_table":1,"minecraft:oak_log":21}},"DataVersion":3465}