{"stats":{"minecraft:mined":{"minecraft:oak_log":21,"minecraft:birch_leaves":1,"minecraft:oak_leaves":1,"minecraft:crafting_table":1},"minecraft:custom":{"minecraft:time_since_rest":10243,"minecraft:sprint_one_cm":10906,"minecraft:play_time":10243,"minecraft:damage_taken":30,"minecraft:walk_one_cm":8500,"minecraft:sneak_time":12,"minecraft:jump":89,"minecraft:leave_game":1,"minecraft:time_since_death":10243,"minecraft:climb_one_cm":707,"minecraft:total_world_time":10243,"minecraft:fall_one_cm":3257,"minecraft:interact_with_crafting_table":1,"minecraft:fly_one_cm":14483},"minecraft:used":{"minecraft:oak_log":6,"minecraft:wooden_axe":12,"minecraft:crafting_table":1},"minecraft:crafted":{"minecraft:oak_planks":24,"minecraft:crafting_table":1,"minecraft:stick":4,"minecraft:wooden_axe":1},"minecraft:picked_up":{"minecraft:crafting_table":1,"minecraft:oak_log":21}},"DataVersion":3465}