{"stats":{"minecraft:dropped":{"minecraft:iron_ingot":10,"minecraft:iron_sword":1,"minecraft:wheat_seeds":5,"minecraft:diamond":1,"minecraft:crafting_table":1,"minecraft:cooked_porkchop":1,"minecraft:iron_helmet":1,"minecraft:torch":2,"minecraft:wooden_axe":1,"minecraft:melon_slice":4,"minecraft:wooden_sword":5,"minecraft:bone":2,"minecraft:stone_axe":2,"minecraft:cooked_chicken":1,"minecraft:stone_sword":3,"minecraft:cocoa_beans":3,"minecraft:birch_sapling":3,"minecraft:stone_shovel":1,"minecraft:rotten_flesh":9,"minecraft:light_gray_wool":1,"minecraft:stripped_oak_log":1,"minecraft:white_bed":2,"minecraft:shield":1,"minecraft:iron_chestplate":2,"minecraft:oak_sapling":11,"minecraft:bamboo":1,"minecraft:bow":1,"minecraft:stone_pickaxe":1},"minecraft:killed_by":{"minecraft:drowned":1,"minecraft:cave_spider":5,"minecraft:skeleton":1},"minecraft:broken":{"minecraft:stone_sword":4,"minecraft:stone_pickaxe":1,"minecraft:stone_axe":1},"minecraft:custom":{"minecraft:mob_kills":161,"minecraft:animals_bred":1,"minecraft:interact_with_crafting_table":83,"minecraft:leave_game":16,"minecraft:time_since_death":96968,"minecraft:climb_one_cm":22582,"minecraft:sprint_one_cm":677799,"minecraft:walk_one_cm":780281,"minecraft:damage_blocked_by_shield":1690,"minecraft:drop":63,"minecraft:play_time":430634,"minecraft:sneak_time":3874,"minecraft:deaths":9,"minecraft:walk_under_water_one_cm":97797,"minecraft:boat_one_cm":242225,"minecraft:jump":6038,"minecraft:interact_with_blast_furnace":14,"minecraft:walk_on_water_one_cm":65335,"minecraft:total_world_time":430634,"minecraft:interact_with_furnace":124,"minecraft:sleep_in_bed":1,"minecraft:time_since_rest":8714,"minecraft:damage_taken":7547,"minecraft:damage_dealt":20414,"minecraft:swim_one_cm":62563,"minecraft:fly_one_cm":1198530,"minecraft:open_chest":16,"minecraft:crouch_one_cm":8147,"minecraft:fall_one_cm":168244},"minecraft:killed":{"minecraft:cave_spider":15,"minecraft:spider":9,"minecraft:skeleton":25,"minecraft:chicken":9,"minecraft:drowned":1,"minecraft:pig":9,"minecraft:creeper":4,"minecraft:sheep":17,"minecraft:zombie":25,"minecraft:cow":13},"minecraft:mined":{"minecraft:tuff":7,"minecraft:white_bed":1,"minecraft:oak_sapling":2,"minecraft:deepslate_diamond_ore":6,"minecraft:oak_door":4,"minecraft:jungle_leaves":3,"minecraft:granite":3,"minecraft:acacia_log":16,"minecraft:grass_block":34,"minecraft:jungle_log":7,"minecraft:spawner":1,"minecraft:furnace":5,"minecraft:iron_ore":272,"minecraft:cobbled_deepslate":2,"minecraft:fire":5,"minecraft:pumpkin":3,"minecraft:deepslate_iron_ore":26,"minecraft:vine":1,"minecraft:rail":2,"minecraft:stripped_oak_log":1,"minecraft:bamboo":1,"minecraft:stone":297,"minecraft:deepslate_redstone_ore":6,"minecraft:crafting_table":11,"minecraft:torch":3,"minecraft:emerald_ore":2,"minecraft:melon":5,"minecraft:tall_grass":1,"minecraft:cobblestone":12,"minecraft:lapis_ore":1,"minecraft:deepslate_gold_ore":3,"minecraft:oak_planks":36,"minecraft:wall_torch":3,"minecraft:birch_log":18,"minecraft:birch_leaves":5,"minecraft:bee_nest":1,"minecraft:grass":28,"minecraft:oak_log":86,"minecraft:coal_ore":30,"minecraft:cocoa":1,"minecraft:sand":1,"minecraft:dirt":13,"minecraft:cobweb":40,"minecraft:gold_ore":6,"minecraft:oak_leaves":36,"minecraft:deepslate":6,"minecraft:fern":2},"minecraft:crafted":{"minecraft:oak_door":3,"minecraft:smooth_stone":7,"minecraft:oak_planks":372,"minecraft:stone_shovel":2,"minecraft:cooked_chicken":4,"minecraft:furnace":8,"minecraft:blast_furnace":2,"minecraft:stone":7,"minecraft:cooked_mutton":22,"minecraft:diamond_helmet":1,"minecraft:iron_boots":1,"minecraft:stone_pickaxe":3,"minecraft:chest":2,"minecraft:cooked_beef":20,"minecraft:cooked_porkchop":24,"minecraft:crafting_table":6,"minecraft:iron_helmet":1,"minecraft:wooden_pickaxe":1,"minecraft:iron_sword":3,"minecraft:birch_planks":72,"minecraft:bucket":2,"minecraft:oak_wood":3,"minecraft:stone_axe":3,"minecraft:air":0,"minecraft:jungle_planks":44,"minecraft:oak_boat":1,"minecraft:white_wool":9,"minecraft:iron_chestplate":4,"minecraft:shield":3,"minecraft:stick":36,"minecraft:iron_ingot":257,"minecraft:iron_pickaxe":2,"minecraft:wooden_axe":2,"minecraft:stone_sword":5,"minecraft:iron_leggings":1,"minecraft:gold_ingot":9,"minecraft:white_bed":4,"minecraft:acacia_planks":64,"minecraft:torch":12},"minecraft:picked_up":{"minecraft:cocoa_beans":3,"minecraft:crafting_table":13,"minecraft:iron_chestplate":1,"minecraft:chicken":10,"minecraft:shield":7,"minecraft:string":353,"minecraft:wooden_sword":5,"minecraft:flint_and_steel":1,"minecraft:iron_leggings":2,"minecraft:cobbled_deepslate":18,"minecraft:bucket":1,"minecraft:beef":36,"minecraft:iron_nugget":56,"minecraft:iron_pickaxe":3,"minecraft:light_gray_wool":2,"minecraft:melon_slice":27,"minecraft:birch_sapling":5,"minecraft:furnace":6,"minecraft:stick":25,"minecraft:raw_iron":390,"minecraft:oak_door":3,"minecraft:torch":119,"minecraft:acacia_log":16,"minecraft:porkchop":28,"minecraft:redstone":125,"minecraft:golden_chestplate":2,"minecraft:stone_shovel":5,"minecraft:stone_sword":12,"minecraft:arrow":118,"minecraft:rotten_flesh":16,"minecraft:gold_ingot":6,"minecraft:mutton":32,"minecraft:rail":9,"minecraft:white_wool":27,"minecraft:cobblestone":1124,"minecraft:stripped_oak_log":1,"minecraft:birch_log":18,"minecraft:feather":8,"minecraft:cooked_beef":1,"minecraft:water_bucket":2,"minecraft:jungle_log":12,"minecraft:leather":16,"minecraft:tuff":7,"minecraft:oak_log":94,"minecraft:gunpowder":19,"minecraft:lapis_lazuli":57,"minecraft:dirt":109,"minecraft:name_tag":4,"minecraft:bone":55,"minecraft:apple":4,"minecraft:bow":7,"minecraft:wheat_seeds":7,"minecraft:raw_gold":36,"minecraft:stone_pickaxe":4,"minecraft:iron_ingot":31,"minecraft:bamboo":14,"minecraft:iron_sword":3,"minecraft:oak_planks":90,"minecraft:pumpkin":3,"minecraft:sand":1,"minecraft:jungle_planks":3,"minecraft:white_bed":2,"minecraft:spider_eye":25,"minecraft:diamond":25,"minecraft:stone_axe":15,"minecraft:iron_helmet":2,"minecraft:granite":9,"minecraft:gray_wool":1,"minecraft:emerald":2,"minecraft:oak_sapling":23,"minecraft:black_wool":2,"minecraft:coal":72,"minecraft:ender_pearl":1},"minecraft:used":{"minecraft:stone_sword":469,"minecraft:stone_shovel":35,"minecraft:chest":2,"minecraft:shield":73,"minecraft:iron_sword":89,"minecraft:cooked_chicken":3,"minecraft:oak_door":2,"minecraft:torch":16,"minecraft:dirt":75,"minecraft:mutton":2,"minecraft:tuff":7,"minecraft:granite":3,"minecraft:wooden_axe":15,"minecraft:beef":1,"minecraft:oak_sapling":8,"minecraft:furnace":10,"minecraft:cooked_beef":20,"minecraft:cobbled_deepslate":8,"minecraft:cooked_mutton":13,"minecraft:water_bucket":16,"minecraft:stone_pickaxe":299,"minecraft:ender_pearl":1,"minecraft:wooden_pickaxe":16,"minecraft:golden_apple":1,"minecraft:glow_berries":7,"minecraft:sand":1,"minecraft:crafting_table":14,"minecraft:blast_furnace":2,"minecraft:white_bed":2,"minecraft:apple":4,"minecraft:chicken":2,"minecraft:bread":1,"minecraft:melon_slice":17,"minecraft:iron_pickaxe":392,"minecraft:stone_axe":207,"minecraft:wooden_sword":7,"minecraft:cobblestone":44,"minecraft:porkchop":3,"minecraft:cooked_porkchop":11,"minecraft:bucket":17,"minecraft:oak_boat":1}},"DataVersion":3465}