{"stats":{"minecraft:killed":{"minecraft:sheep":1,"minecraft:skeleton":2,"minecraft:zombie":2,"minecraft:chicken":2,"minecraft:cow":2},"minecraft:mined":{"minecraft:oak_sapling":1,"minecraft:jungle_leaves":1,"minecraft:stripped_birch_log":1,"minecraft:torch":4,"minecraft:grass_block":1,"minecraft:jungle_log":13,"minecraft:birch_log":6,"minecraft:grass":7,"minecraft:oak_log":8,"minecraft:cocoa":4,"minecraft:vine":9,"minecraft:dirt":1,"minecraft:stripped_oak_log":2,"minecraft:stone":22,"minecraft:oak_leaves":9,"minecraft:fern":3},"minecraft:custom":{"minecraft:interact_with_furnace":10,"minecraft:mob_kills":9,"minecraft:interact_with_crafting_table":9,"minecraft:leave_game":5,"minecraft:time_since_death":27764,"minecraft:climb_one_cm":15227,"minecraft:time_since_rest":29627,"minecraft:sprint_one_cm":116714,"minecraft:damage_taken":1826,"minecraft:walk_one_cm":308032,"minecraft:drop":17,"minecraft:damage_dealt":1374,"minecraft:swim_one_cm":172,"minecraft:fly_one_cm":18499,"minecraft:open_chest":10,"minecraft:crouch_one_cm":3085,"minecraft:play_time":116937,"minecraft:deaths":4,"minecraft:sneak_time":2916,"minecraft:walk_under_water_one_cm":54276,"minecraft:jump":898,"minecraft:walk_on_water_one_cm":28081,"minecraft:total_world_time":116937,"minecraft:fall_one_cm":11603},"minecraft:crafted":{"minecraft:cooked_beef":5,"minecraft:wooden_sword":2,"minecraft:oak_planks":12,"minecraft:crafting_table":2,"minecraft:wooden_pickaxe":2,"minecraft:cooked_chicken":3,"minecraft:brown_dye":1,"minecraft:cooked_mutton":2,"minecraft:jungle_planks":20,"minecraft:charcoal":1,"minecraft:stick":8,"minecraft:leather_chestplate":1,"minecraft:stone_sword":1},"minecraft:used":{"minecraft:stone_sword":24,"minecraft:stone_pickaxe":23,"minecraft:wooden_pickaxe":14,"minecraft:leather_chestplate":1,"minecraft:cooked_chicken":5,"minecraft:rotten_flesh":2,"minecraft:torch":5,"minecraft:dirt":1,"minecraft:crafting_table":1,"minecraft:oak_log":3,"minecraft:chicken":1,"minecraft:jungle_log":3,"minecraft:stone_axe":23,"minecraft:wooden_sword":16,"minecraft:cobblestone":2,"minecraft:oak_sapling":4,"minecraft:cooked_beef":2},"minecraft:killed_by":{"minecraft:skeleton":1,"minecraft:creeper":1,"minecraft:zombie":1},"minecraft:picked_up":{"minecraft:birch_log":9,"minecraft:stripped_oak_log":3,"minecraft:cocoa_beans":16,"minecraft:iron_chestplate":1,"minecraft:leather_chestplate":1,"minecraft:feather":2,"minecraft:cooked_beef":9,"minecraft:chicken":2,"minecraft:jungle_log":9,"minecraft:leather":11,"minecraft:oak_log":17,"minecraft:stripped_birch_log":1,"minecraft:dirt":1,"minecraft:wooden_sword":4,"minecraft:wheat_seeds":8,"minecraft:beef":5,"minecraft:stone_pickaxe":2,"minecraft:cooked_chicken":5,"minecraft:oak_planks":46,"minecraft:stick":3,"minecraft:torch":5,"minecraft:white_bed":1,"minecraft:rotten_flesh":4,"minecraft:stone_sword":2,"minecraft:arrow":7,"minecraft:stone_axe":2,"minecraft:iron_helmet":1,"minecraft:oak_sapling":6,"minecraft:mutton":2,"minecraft:white_wool":1,"minecraft:cobblestone":43},"minecraft:dropped":{"minecraft:stone_axe":1,"minecraft:wheat_seeds":7,"minecraft:cooked_beef":9,"minecraft:cooked_chicken":1,"minecraft:oak_log":5,"minecraft:stone_sword":1,"minecraft:cobblestone":18,"minecraft:oak_planks":21,"minecraft:leather":7,"minecraft:stick":1,"minecraft:wooden_sword":3,"minecraft:arrow":5,"minecraft:stone_pickaxe":1}},"DataVersion":3465}