{"stats":{"minecraft:killed":{"minecraft:sheep":1,"minecraft:skeleton":1,"minecraft:zombie":1,"minecraft:cow":1},"minecraft:mined":{"minecraft:crafting_table":1,"minecraft:jungle_log":26,"minecraft:rose_bush":8,"minecraft:birch_log":12,"minecraft:birch_leaves":1,"minecraft:grass":13,"minecraft:oak_log":51,"minecraft:vine":15,"minecraft:cocoa":1,"minecraft:bamboo":1,"minecraft:stone":40,"minecraft:oak_leaves":10,"minecraft:fern":1},"minecraft:custom":{"minecraft:mob_kills":4,"minecraft:interact_with_crafting_table":11,"minecraft:leave_game":1,"minecraft:time_since_death":18326,"minecraft:climb_one_cm":6331,"minecraft:time_since_rest":18441,"minecraft:sprint_one_cm":2848,"minecraft:damage_taken":945,"minecraft:walk_one_cm":153091,"minecraft:drop":21,"minecraft:damage_dealt":965,"minecraft:fly_one_cm":4104,"minecraft:crouch_one_cm":532,"minecraft:play_time":49809,"minecraft:sneak_time":129,"minecraft:deaths":3,"minecraft:walk_under_water_one_cm":8821,"minecraft:boat_one_cm":66183,"minecraft:jump":444,"minecraft:walk_on_water_one_cm":9699,"minecraft:total_world_time":49809,"minecraft:fall_one_cm":5989},"minecraft:crafted":{"minecraft:wooden_sword":2,"minecraft:oak_planks":12,"minecraft:jungle_wood":3,"minecraft:crafting_table":1,"minecraft:wooden_pickaxe":2,"minecraft:birch_planks":4,"minecraft:jungle_planks":12,"minecraft:stick":14,"minecraft:wooden_axe":2,"minecraft:stone_sword":1},"minecraft:used":{"minecraft:stone_sword":36,"minecraft:wooden_pickaxe":41,"minecraft:rotten_flesh":3,"minecraft:mutton":1,"minecraft:crafting_table":2,"minecraft:oak_log":2,"minecraft:wooden_axe":68,"minecraft:melon_slice":2,"minecraft:jungle_log":1,"minecraft:wooden_sword":20,"minecraft:oak_boat":1},"minecraft:killed_by":{"minecraft:player":1,"minecraft:zombie":1},"minecraft:picked_up":{"minecraft:wooden_axe":1,"minecraft:birch_log":14,"minecraft:cocoa_beans":32,"minecraft:crafting_table":2,"minecraft:iron_chestplate":1,"minecraft:leather_chestplate":2,"minecraft:feather":2,"minecraft:jungle_log":45,"minecraft:jungle_wood":3,"minecraft:wooden_pickaxe":1,"minecraft:oak_log":71,"minecraft:shield":2,"minecraft:gunpowder":4,"minecraft:lapis_lazuli":19,"minecraft:dirt":9,"minecraft:wooden_sword":1,"minecraft:name_tag":2,"minecraft:bone":11,"minecraft:bow":1,"minecraft:wheat_seeds":5,"minecraft:gold_nugget":11,"minecraft:bucket":2,"minecraft:oak_boat":1,"minecraft:rose_bush":6,"minecraft:iron_nugget":56,"minecraft:iron_pickaxe":1,"minecraft:bamboo":2,"minecraft:melon_slice":6,"minecraft:raw_iron":80,"minecraft:stick":10,"minecraft:torch":26,"minecraft:golden_axe":2,"minecraft:white_bed":1,"minecraft:golden_chestplate":2,"minecraft:stone_sword":1,"minecraft:arrow":37,"minecraft:rotten_flesh":5,"minecraft:stone_axe":1,"minecraft:gold_ingot":4,"minecraft:oak_sapling":1,"minecraft:mutton":1,"minecraft:coal":6,"minecraft:white_wool":1,"minecraft:cobblestone":171},"minecraft:dropped":{"minecraft:wheat_seeds":3,"minecraft:cocoa_beans":16,"minecraft:rose_bush":4,"minecraft:melon_slice":4}},"DataVersion":3465}